{
  "epochs": [
    1,
    2,
    3,
    4,
    5,
    6,
    7,
    8,
    9,
    10
  ],
  "global_loss": [
    1.5051782971934302,
    1.591052699183972,
    1.6106526634900526,
    1.7575249081130118,
    1.509504846430966,
    1.6995347506592262,
    2.2076166971943807,
    2.416837277763332,
    1.8982157038308063,
    1.785531240940259
  ],
  "num_campuses": [
    5,
    4,
    5,
    4,
    5,
    4,
    2,
    2,
    3,
    4
  ],
  "staleness_values": [
    [
      0,
      0,
      0,
      0,
      0
    ],
    [
      1,
      1,
      0,
      0
    ],
    [
      2,
      1,
      1,
      2,
      0
    ],
    [
      0,
      2,
      0,
      2
    ],
    [
      2,
      2,
      1,
      2,
      1
    ],
    [
      0,
      2,
      1,
      0
    ],
    [
      2,
      0
    ],
    [
      0,
      1
    ],
    [
      0,
      1,
      2
    ],
    [
      1,
      0,
      1,
      2
    ]
  ],
  "campus_contributions": [
    [
      "Campus_A",
      "Campus_B",
      "Campus_C",
      "Campus_D",
      "Campus_E"
    ],
    [
      "Campus_A",
      "Campus_C",
      "Campus_D",
      "Campus_E"
    ],
    [
      "Campus_A",
      "Campus_B",
      "Campus_C",
      "Campus_D",
      "Campus_E"
    ],
    [
      "Campus_A",
      "Campus_B",
      "Campus_C",
      "Campus_E"
    ],
    [
      "Campus_A",
      "Campus_B",
      "Campus_C",
      "Campus_D",
      "Campus_E"
    ],
    [
      "Campus_B",
      "Campus_C",
      "Campus_D",
      "Campus_E"
    ],
    [
      "Campus_B",
      "Campus_E"
    ],
    [
      "Campus_B",
      "Campus_D"
    ],
    [
      "Campus_A",
      "Campus_B",
      "Campus_E"
    ],
    [
      "Campus_B",
      "Campus_C",
      "Campus_D",
      "Campus_E"
    ]
  ]
}