{
  "rounds": [
    0,
    1,
    2,
    3,
    4,
    5,
    6,
    7,
    8,
    9,
    10,
    11,
    12,
    13,
    14,
    15,
    16,
    17,
    18,
    19,
    20,
    21,
    22,
    23,
    24,
    25,
    26,
    27,
    28,
    29,
    30,
    31,
    32,
    33,
    34,
    35,
    36,
    37,
    38,
    39,
    40,
    41,
    42,
    43,
    44,
    45,
    46,
    47,
    48,
    49,
    50
  ],
  "loss_baseline": [
    24.798713615133636,
    23.626274372991727,
    22.46969518546579,
    21.339067322496238,
    20.321351608098585,
    19.334996043664688,
    18.38872581456004,
    17.47937157786836,
    16.655899718316736,
    15.842244540326215,
    15.076425745588264,
    14.284357311601072,
    13.577465429265361,
    12.985108469749656,
    12.321079561750024,
    11.755715319248733,
    11.148271262909194,
    10.591597879414389,
    10.100932699779039,
    9.61412808503077,
    9.101540624516893,
    8.7108220614995,
    8.281859876646083,
    7.865173480970657,
    7.4393772470451145,
    7.144737420924833,
    6.737113392586172,
    6.423440500433914,
    6.11009769159386,
    5.869573146462377,
    5.5225096107504665,
    5.288611155873211,
    4.994818948710874,
    4.7120058366332485,
    4.523996588668931,
    4.317383651764893,
    4.11758463233305,
    3.9245842834818756,
    3.6922270763052123,
    3.5303780284084856,
    3.341264522501993,
    3.17998625053375,
    3.0094862676185774,
    2.9039330840667765,
    2.75544101775511,
    2.6076919943858643,
    2.5203697672723115,
    2.326695718412947,
    2.2362213313516963,
    2.1859600759232802,
    2.03
  ],
  "loss_fedavg": [
    33.964042854683576,
    31.394505905100406,
    28.93135888579364,
    26.7113061550296,
    24.67211469930938,
    22.802232978091588,
    21.114524691006462,
    19.377226638097042,
    17.900001486754668,
    16.56076350048122,
    15.221394736488625,
    14.07380128597523,
    13.037662138168722,
    12.004050227246074,
    11.057968016585999,
    10.223711610221098,
    9.461402785794037,
    8.753071284878692,
    8.124332282039111,
    7.394257184772763,
    6.8687651526441575,
    6.297285468933055,
    5.853975373944144,
    5.3678100991561175,
    5.00323786714636,
    4.614669704104741,
    4.198154608133313,
    3.9514727781682377,
    3.6133529567395057,
    3.3322340285978873,
    3.1070631162265063,
    2.8294654166711806,
    2.596529092195268,
    2.3974955672658465,
    2.2667959453336644,
    2.1085882371792852,
    1.9054779458552313,
    1.8203667400674224,
    1.6414016785355403,
    1.4426052294403935,
    1.3613476301884015,
    1.2423055141242383,
    1.1819970321346058,
    1.1064487551688977,
    1.0266282758933494,
    0.9064666076269695,
    0.8555119264778739,
    0.864153723677142,
    0.7214628380113106,
    0.6552080019185773,
    0.63
  ],
  "loss_fedavg_dp": [
    23.294108412293944,
    21.710249691006812,
    20.239642998895444,
    18.900451132828913,
    17.661804285505887,
    16.48106062430825,
    15.367862794973046,
    14.283986819013007,
    13.36489852037831,
    12.369504024531661,
    11.5625389671534,
    10.736607915202539,
    10.02111115590183,
    9.403059994898538,
    8.714843628886637,
    8.144658283959947,
    7.601196997630424,
    7.073596560914967,
    6.55433964307412,
    6.186792969937375,
    5.742519444525629,
    5.3039630104771005,
    4.989379643581387,
    4.660980662525258,
    4.363615077805488,
    4.109048810158064,
    3.8223198328481423,
    3.554158058655508,
    3.2912187899490406,
    3.108461065697534,
    2.8667412952843776,
    2.6530586692566587,
    2.504235478458915,
    2.3376658558147,
    2.120282343718163,
    1.9574913595428174,
    1.8855472369876596,
    1.7633232347139836,
    1.615788394529957,
    1.5305324375062281,
    1.416570622630637,
    1.312521856179061,
    1.1614855532066777,
    1.1089549865832034,
    0.9857556132670549,
    1.0485688758959633,
    0.9700906264770537,
    0.8765437720249626,
    0.8719417387031654,
    0.7329700962686064,
    0.67
  ]
}