{
  "total_time_ms": 67.69394874572754,
  "stages": {
    "container_stop": 14.69278335571289,
    "docker_ready": 7.233142852783203,
    "image_verify": 16.177892684936523,
    "container_init": 7.625818252563477,
    "model_load": 12.354850769042969,
    "first_inference": 9.052753448486328
  },
  "note": "Docker restart simulation; real cold boot adds OS boot (~25s) and hardware init (~5s)"
}