{
  "rounds": [
    1,
    2,
    3,
    4,
    5,
    6,
    7,
    8,
    9,
    10
  ],
  "global_loss": [
    2.0348913824266086,
    1.867569011703928,
    1.7202484083987108,
    1.5658693631618945,
    1.4321860059290354,
    1.2726120844071849,
    1.1011657013547262,
    0.9610620042441632,
    0.7957000219281679,
    0.6714059199789829
  ],
  "privacy_budget": [
    9.597051824376162,
    19.194103648752325,
    28.791155473128487,
    38.38820729750465,
    47.985259121880816,
    57.58231094625698,
    67.17936277063315,
    76.77641459500931,
    86.37346641938548,
    95.97051824376165
  ]
}