{
  "OSIR": 88.325,
  "UIRR": 100.0,
  "OSIE": 0.0,
  "known_correct": 7066,
  "known_incorrect": 934,
  "unknown_rejected": 2000,
  "unknown_accepted": 0,
  "total_known": 8000,
  "total_unknown": 2000,
  "mean_latency_ms": 0.419374559125572,
  "p99_latency_ms": 1.074660400045105,
  "p999_latency_ms": 3.9581760850997045,
  "threshold": 0.65,
  "efSearch": 50
}