N,Linear Time (s),FAISS Time (s),Speedup
100,0.00026917457580566406,3.695487976074219e-05,7.283870967741936
1000,0.0024068355560302734,9.799003601074219e-05,24.562043795620436
10000,0.02410888671875,0.0008118152618408203,29.697503671071953
100000,0.3140559196472168,0.01112818717956543,28.221660417782537
