{
  "metrics": {
    "processed": 5000,
    "valid": 977,
    "rejected": 4023,
    "teleport_detected": 4023
  },
  "performance": {
    "eps": 19130.932941680883,
    "latency_avg": 5.227136611938476e-05
  },
  "passed": true
}